{
    "camera": [
        {
            "CameraName": "Camera",
            "eye": {
                "x": 0.0,
                "y": 0.0,
                "z": -15.0
            },
            "tag": "mainCamera",
            "target": {
                "x": 0.0,
                "y": 0.0,
                "z": 0.0
            }
        },
        {
            "CameraName": "Debug",
            "eye": {
                "x": 12.173503875732422,
                "y": 4.309401512145996,
                "z": -15.872354507446289
            },
            "tag": "debug",
            "target": {
                "x": 0.0936187282204628,
                "y": 1.374880075454712,
                "z": -0.2050417959690094
            }
        }
    ]
}
