{
    "camera": [
        {
            "CameraName": "Camera",
            "eye": {
                "x": 0.0,
                "y": 1.899999976158142,
                "z": -2.299999952316284
            },
            "tag": "mainCamera",
            "target": {
                "x": 0.0,
                "y": 1.0,
                "z": 0.0
            }
        },
        {
            "CameraName": "Debug",
            "eye": {
                "x": -0.037558265030384064,
                "y": 1.3633009195327759,
                "z": -1.19632089138031
            },
            "tag": "debug",
            "target": {
                "x": 0.0936187282204628,
                "y": 1.374880075454712,
                "z": -0.2050417959690094
            }
        }
    ]
}
