{
    "camera": [
        {
            "CameraName": "Camera",
            "eye": {
                "x": 0.0,
                "y": 0.0,
                "z": -15.0
            },
            "tag": "mainCamera",
            "target": {
                "x": 0.0,
                "y": 0.0,
                "z": 0.0
            }
        },
        {
            "CameraName": "Debug",
            "eye": {
                "x": -7.018238067626953,
                "y": 11.08675479888916,
                "z": -16.176834106445313
            },
            "tag": "debug",
            "target": {
                "x": 0.0936187282204628,
                "y": 1.374880075454712,
                "z": -0.2050417959690094
            }
        }
    ]
}
