{
    "camera": [
        {
            "CameraName": "Camera",
            "eye": {
                "x": 3.6500000953674316,
                "y": 1.75,
                "z": -5.849999904632568
            },
            "tag": "mainCamera",
            "target": {
                "x": 0.0,
                "y": 1.0,
                "z": 0.0
            }
        },
        {
            "CameraName": "Debug",
            "eye": {
                "x": -3.867016315460205,
                "y": -1.5546073913574219,
                "z": -12.23538589477539
            },
            "tag": "debug",
            "target": {
                "x": 0.0936187282204628,
                "y": 1.374880075454712,
                "z": -0.2050417959690094
            }
        }
    ]
}
