{
    "camera": [
        {
            "CameraName": "Camera",
            "eye": {
                "x": 0.9241836071014404,
                "y": 4.163488864898682,
                "z": -29.694673538208008
            },
            "tag": "mainCamera",
            "target": {
                "x": 0.0,
                "y": 0.0,
                "z": 0.0
            }
        },
        {
            "CameraName": "Debug",
            "eye": {
                "x": 3.15525221824646,
                "y": 35.72675704956055,
                "z": -57.772216796875
            },
            "tag": "debug",
            "target": {
                "x": 0.0,
                "y": 0.0,
                "z": 0.0
            }
        }
    ]
}
