{
    "camera": [
        {
            "CameraName": "Camera",
            "eye": {
                "x": 0.0,
                "y": 2.75,
                "z": -4.050000190734863
            },
            "tag": "mainCamera",
            "target": {
                "x": 0.0,
                "y": 0.10000000149011612,
                "z": 0.0
            }
        },
        {
            "CameraName": "Debug",
            "eye": {
                "x": -7.044877052307129,
                "y": 15.173937797546387,
                "z": -21.406570434570313
            },
            "tag": "debug",
            "target": {
                "x": -6.757343292236328,
                "y": 14.646687507629395,
                "z": -20.606990814208984
            }
        }
    ]
}
