{
    "camera": [
        {
            "CameraName": "Camera",
            "eye": {
                "x": 0.8987271785736084,
                "y": 1.4993581771850586,
                "z": -29.9486026763916
            },
            "tag": "mainCamera",
            "target": {
                "x": 0.0,
                "y": 0.0,
                "z": 0.0
            }
        },
        {
            "CameraName": "Debug",
            "eye": {
                "x": 3.15525221824646,
                "y": 35.72675704956055,
                "z": -57.772216796875
            },
            "tag": "debug",
            "target": {
                "x": 0.0,
                "y": 0.0,
                "z": 0.0
            }
        }
    ]
}
