{
    "camera": [
        {
            "CameraName": "Camera",
            "eye": {
                "x": 0.0,
                "y": 0.0,
                "z": -10.0
            },
            "tag": "mainCamera",
            "target": {
                "x": 0.0,
                "y": 0.0,
                "z": 0.0
            }
        },
        {
            "CameraName": "Debug",
            "eye": {
                "x": 22.590612411499023,
                "y": 188.5996856689453,
                "z": -175.10000610351563
            },
            "tag": "debug",
            "target": {
                "x": 22.590612411499023,
                "y": 188.5996856689453,
                "z": 0.8999999761581421
            }
        }
    ]
}
